{
  "files": [
    {
      "filepath": "/home/unprivileged/Dev/libs/spring-store.js/tests/spring.bench.ts",
      "groups": [
        {
          "fullName": "tests/spring.bench.ts > spring store — time step simulation to convergence",
          "benchmarks": [
            {
              "id": "221270480_0_0",
              "name": "number",
              "rank": 1,
              "rme": 2.1961472444709926,
              "samples": [],
              "totalTime": 500.0048339999962,
              "min": 0.18241299999999683,
              "max": 4.0787350000000515,
              "hz": 4379.957654569429,
              "period": 0.22831270958903938,
              "mean": 0.22831270958903938,
              "variance": 0.01433227254348994,
              "sd": 0.11971746966708718,
              "sem": 0.002558205755314667,
              "df": 2189,
              "critical": 1.96,
              "moe": 0.005014083280416748,
              "p75": 0.22115900000005695,
              "p99": 0.6306129999999257,
              "p995": 0.7677959999999757,
              "p999": 1.0552870000000212,
              "sampleCount": 2190,
              "median": 0.198599999999999
            },
            {
              "id": "221270480_0_1",
              "name": "object with 4 properties",
              "rank": 3,
              "rme": 1.2370020315662962,
              "samples": [],
              "totalTime": 500.0933929999926,
              "min": 0.2241149999999834,
              "max": 0.9929030000000694,
              "hz": 3963.2597185702657,
              "period": 0.25231755449041,
              "mean": 0.25231755449041,
              "variance": 0.0050260553463858815,
              "sd": 0.07089467784245783,
              "sem": 0.0015924353444105959,
              "df": 1981,
              "critical": 1.96,
              "moe": 0.003121173275044768,
              "p75": 0.2426820000000589,
              "p99": 0.5992499999999836,
              "p995": 0.6805419999998321,
              "p999": 0.8709510000001046,
              "sampleCount": 1982,
              "median": 0.22988200000008874
            },
            {
              "id": "221270480_0_2",
              "name": "array with 4 items",
              "rank": 2,
              "rme": 1.1183208724665,
              "samples": [],
              "totalTime": 500.05649800000856,
              "min": 0.22538799999983894,
              "max": 0.7453810000001795,
              "hz": 4015.5462593348116,
              "period": 0.24903212051793255,
              "mean": 0.24903212051793255,
              "variance": 0.004054106566604821,
              "sd": 0.06367186636658942,
              "sem": 0.0014209072361724329,
              "df": 2007,
              "critical": 1.96,
              "moe": 0.0027849781828979685,
              "p75": 0.24287199999980658,
              "p99": 0.578899999999976,
              "p995": 0.6108140000001185,
              "p999": 0.6660839999999553,
              "sampleCount": 2008,
              "median": 0.23043300000006184
            },
            {
              "id": "221270480_0_3",
              "name": "object with 20 properties",
              "rank": 4,
              "rme": 10.553177318079545,
              "samples": [],
              "totalTime": 504.02366000000166,
              "min": 1.14033500000005,
              "max": 7.89516599999979,
              "hz": 351.1739905225866,
              "period": 2.8475912994350376,
              "mean": 2.8475912994350376,
              "variance": 4.160858137840444,
              "sd": 2.039818162935227,
              "sem": 0.15332212200182907,
              "df": 176,
              "critical": 1.96,
              "moe": 0.30051135912358495,
              "p75": 4.7590650000001915,
              "p99": 7.69991600000003,
              "p995": 7.89516599999979,
              "p999": 7.89516599999979,
              "sampleCount": 177,
              "median": 1.6036959999996725
            },
            {
              "id": "221270480_0_4",
              "name": "array with 20 items",
              "rank": 5,
              "rme": 8.55192016824571,
              "samples": [],
              "totalTime": 501.5585280000014,
              "min": 1.0318399999996473,
              "max": 6.269886000000042,
              "hz": 279.12993635709773,
              "period": 3.582560914285724,
              "mean": 3.582560914285724,
              "variance": 3.42082089315235,
              "sd": 1.8495461316637523,
              "sem": 0.15631517824922894,
              "df": 139,
              "critical": 1.96,
              "moe": 0.3063777493684887,
              "p75": 5.071365000000242,
              "p99": 6.222431000000142,
              "p995": 6.269886000000042,
              "p999": 6.269886000000042,
              "sampleCount": 140,
              "median": 4.265137500000037
            }
          ]
        }
      ]
    }
  ]
}